subtitle_set_id,text,time,duration,slot,speaker,class,position
forest_journal_higuys,"Say “hello” to the project team, Lilah.",3,,,max,,
forest_journal_higuys,"Hello, project team.",6,,,lilah,,
forest_journal_higuys,"And, are we having a wonderful time here in Xanadu?",8.5,,,max,,
forest_journal_higuys,"Oh, yes! Only, there are not quite enough mosquitos.",11.75,,,lilah,,
forest_journal_higuys,Have we thought much about Ceres?,16,,,max,,
forest_journal_higuys,Ceres? What's that?,18.5,,,lilah,,
forest_journal_higuys,"Heh, see folks? Mission accomplished.",21,,,max,,
forest_journal_higuys,"Uh, not quite. I have another mission:\To rid this world once and for all of Max's shorts.",23,,,lilah,,
forest_journal_higuys,What's wrong with my shorts?,34,,,max,,
forest_journal_higuys,<Laughs> You've gotta be kidding!,35.5,,,lilah,,
forest_journal_higuys,"Well… I'm a scientist, dammit! Not some model.",38,,,max,,
forest_journal_higuys,"Oh, I think we can all attest to that.",43,,,lilah,,
forest_journal_higuys,That's it! Cut!,46.75,,,max,,
forest_journal_higuys,And have her desk cleared out by the time I get back.,49.75,,,max,,
forest_journal_bonvoyage,"Hey! Come on, blow out the candles!",2,,,partygoer1,,
forest_journal_bonvoyage,"Well, I tried to find 100, you know,\one for each day in orbit?",4.75,,,partygoer2,,
forest_journal_bonvoyage,Really? I thought it was for how\many hours a week they work.,10.25,,,partygoer3,,
forest_journal_bonvoyage,<Cheering>,17,,,,,
forest_journal_bonvoyage,"Oh, I don't know if I can go through with this!\It's taking off, it's… it's like…",21,,,lilah,,
forest_journal_bonvoyage,Like leaving our child,25.5,,,max,,
forest_journal_bonvoyage,"Oh, but she's all grown up now.",27,,,partygoer3,,
forest_journal_bonvoyage,She's a very big satellite.\You're just gonna have to let her go.,30,,,partygoer3,,
forest_journal_bonvoyage,"I know, I know. But what if you lose the com link again?",32.75,,,max,,
forest_journal_bonvoyage,Yeah!,35.5,2,1,lilah,,-3
forest_journal_bonvoyage,"Uh, hit this button right here?",35.5,2,,partygoer2,,
forest_journal_bonvoyage,"Uh, turn that knob?",37.5,,,partygoer4,,
forest_journal_bonvoyage,"Uh, if there's a problem? We'll call you right away!",39,,,administrator,,
forest_journal_bonvoyage,Don't you dare! It's our first vacation in a year and a half.,42.8,,,lilah,,
forest_journal_051466,"May 14th, day one. The road end was so rough, I almost threw up!\Now that I've had a chance to acclimate, I can't believe how beautiful it is.",12,,,lilah,,
forest_journal_051466,I think it must be the trees and all the oxygen. Makes me proud.,22,,,lilah,,
forest_journal_051466,"I mean, if Ceres keeps to her orbital time frame,\the whole planet will feel like this, again, like it's supposed to,\in just a couple of years.",28,,,lilah,,
forest_journal_051466,"Only thing which troubles me is the network. It's down in this whole area.\No phone access, no computer access no nothing. Weird.",39,,,lilah,,
forest_journal_051466,"That kind of thing just does not happen any more. Tomorrow morning,\first thing, I'm going to take a hike around and see what's up.",49.5,,,lilah,,
forest_journal_051466,"Probably nothing, just my mind looking for any excuse not to unwind.",57.75,,,lilah,,
forest_journal_051666,"May 16th, day three. The structure Max and I are calling\“Obsidian” has now grown from 1 foot tall to over 50 feet.",1,,,lilah,,
forest_journal_051666,"Either we're hallucinating on bad camping food,\or we've stumbled upon the discovery of the century.",10.75,,,lilah,,
forest_journal_051666,It's maddening to be cut off from the rest of the world.\What timing… Is “Obsidian” causing it?,16.75,,,lilah,,
forest_journal_051666,"But, maybe it's for the best, I mean…\Gives us some time to figure this out.",23.5,,,lilah,,
forest_journal_051666,The part I can't get my mind around is the surface.\It's like black ice or something.  It's reflective too.,30,,,lilah,,
forest_journal_051666,"When I see myself there, it's like I'm somewhere… impossible.",39.5,,,lilah,,
forest_journal_dream_redtape,Just woke up from this awful dream.,2,,,lilah,,
forest_journal_dream_redtape,"There was this weird… bureaucracy. No people, but instead just all these… I don't know what they were.",6,,,lilah,,
forest_journal_dream_redtape,"And… and I was running around climbing the walls. But, the harder I tried, the less I could actually get done.",15.5,,,lilah,,
forest_journal_dream_redtape,I think this is about Ceres. Too much red tape… gotta disobey the authorities…,25,,,lilah,,
forest_journal_dream_redtape,"Stonewall the commissioner, or we're never gonna get this thing finished!",34,,,lilah,,
forest_journal_dream_spider,It's 3:15.,2.5,,,max,,
forest_journal_dream_spider,Don't worry Lilah. It's not the flu keeping me up.\I just had this eerie dream and I want you to hear it before you leave for the hill.,6.8,,,max,,
forest_journal_dream_spider,"There was this huge metal spider, and I was doing some kind of\maintenance on it, only instead of working on the spider itself",18.7,,,max,,
forest_journal_dream_spider,"I had to fix the whole universe surrounding it,\like the spider was a god or something, and my repairs were offerings.",31.2,,,max,,
forest_journal_dream_spider,"And when I finished, the spider came to life, reared up…\suddenly I realized, it was Ceres.",44.5,,,max,,
forest_journal_dream_spider,"That's when it pounced on me, in a rage,\and I tried to stop-- <coughs>",55.5,,,max,,
forest_journal_dream_spider,"I'm worried about Ceres, Lilah. So much power.\I mean, what if something really went wrong?",63.5,,,max,,
forest_journal_dream_spider,The machine control system is some of your finest\engineering. But I want to make sure we can override it.,72.5,,,max,,
forest_journal_dream_spider,"Not a software interrupt that the AI code\can modify, but a hard-wired crossover switch",79,,,max,,
forest_journal_dream_spider,One that'll stop everything and\revert to complete human control.,85,,,max,,
forest_maxscream,<Rumbling/crashing noise>,0,4,,,,
forest_maxscream,<Distant scream>,4,5,,max,,
bureau_booths_chiefbridge1,"Lilah, hello. Welcome to the regional administration facility.",0,,,bchief,,
bureau_booths_chiefbridge1,I'm the bureau chief and I'd like to see you over here right away.,7,,,bchief,,
bureau_booths_chiefbridge1,Please wait. I'll extend the bridge for you to walk across.,12,5,,bchief,,
bureau_booths_chiefbridge2,"Apparently, something is wrong with the bridge!",0,,,bchief,,
bureau_booths_chiefbridge2,"Perhaps you could see to it, if you go through the proper channels.",4.8,,,bchief,,
bureau_booths_chiefbridge2,"When you're done, come see me.",10,5,,bchief,,
bureau_booths_rebelcontrol,This is rebel control. Watch your back! Did anyone follow you here?,0,,,vbrebel,,
bureau_booths_rebelcontrol,Were they wearing the Sign of the Sphere?,6,,,vbrebel,,
bureau_booths_rebelcontrol,What about your socks? Have you checked them for bugs?,9,,,vbrebel,,
bureau_booths_rebelcontrol,Were you recruited for subversive acts?,14,,,vbrebel,,
bureau_booths_rebelcontrol,Did they throw you a curve? Run you in circles?,18,,,vbrebel,,
bureau_booths_rebelcontrol,Are there extra O's in your alphabet soup?,22,,,vbrebel,,
bureau_booths_rebelcontrol,Why not? Are you one of them?,26,,,vbrebel,,
bureau_booths_rebelcontrol,It's a pack of lies! You must resist them!,30,,,vbrebel,,
bureau_booths_rebelcontrol,The minute they do… Just run!,34.1,,,vbrebel,,
bureau_booths_rebelcontrol,That's how it all begins. Next thing you know… Brainwashed!,37.1,,,vbrebel,,
bureau_booths_rebelcontrol,Prepare yourself. They could strike at any time!,42,,,vbrebel,,
bureau_booths_rebelcontrol,You're in grave danger. You must chew them to bits!,46,,,vbrebel,,
bureau_booths_rebelcontrol,Then you may be safe… For now!,50,,,vbrebel,,
bureau_booths_rebelcontrol,Don't even joke about that! Ever!,54,,,vbrebel,,
bureau_booths_rebelcontrol,"I'm not so sure, pal. You will be monitored from here on in!",58.1,,,vbrebel,,
bureau_booths_hygiene,Hi there! Haven't seen you before at Bureau Hygiene.,0,,,vbhygiene,,
bureau_booths_hygiene,"You're the one looking for Max, right?",4,,,vbhygiene,,
bureau_booths_hygiene,Oh… a spot…,7,,,vbhygiene,,
bureau_booths_hygiene,How embarrassing… let me just…,10,5,,vbhygiene,,
bureau_booths_hygiene,Almost got it.,17,,,vbhygiene,,
bureau_booths_hygiene,"No, not quite.",19,3,,vbhygiene,,
bureau_booths_hygiene,"Oh… I'm sorry, could you come back a little later?",23.5,,,vbhygiene,,
bureau_booths_hygiene,One moment please… be right with you…,31.5,,,vbhygiene,,
bureau_booths_hygiene,… if I can ever get rid of this.,34.5,,,vbhygiene,,
bureau_booths_hygiene,Oh for God's sake! This is such a bad example!,38,,,vbhygiene,,
bureau_booths_hygiene,What's so funny!? Wipe that look off your face!,44.5,6,,vbhygiene,,
bureau_booths_reception,The gentleman's right hand supports the lady in the small of her back.,0,,,vbreception,,
bureau_booths_reception,Her right hand lies palm-down in his left.,4,,,vbreception,,
bureau_booths_reception,And her left hand rests on the upper part of his right arm.,9,,,vbreception,,
bureau_booths_reception,Their hips are almost touching.,13.7,6,,vbreception,,
bureau_booths_reception,"In asexual reproduction, there are no gametes and no cells unite.",20,,,vbreception,,
bureau_booths_reception,"Instead, the organism divides into two or more parts.",24.5,5,,vbreception,,
bureau_booths_bridgerepair,Bridge Repair here. I heard you was comin'.,0,,,vbbridgerepair,,
bureau_booths_bridgerepair,Whatcha gotta do to repair the bridge and\nab that info on your buddy is go retrieve a document.,3.1,,,vbbridgerepair,,
bureau_booths_bridgerepair,It's filed under “Standard Damage.”,10,,,vbbridgerepair,,
bureau_booths_bridgerepair,"When ya get it, bring it to that bombshell in the Department of Pre-Approvals.",12.7,,,vbbridgerepair,,
bureau_booths_bridgerepair,"Talk about an accent! Heh, ya know I can't understand a word she says!",17.1,,,vbbridgerepair,,
bureau_booths_bridgerepair,"Jeez, you again!? I already told ya what to do!\Good thing I made a carbon copy.",24,,,vbbridgerepair,,
bureau_booths_bridgerepair,What'sa matter wit you? Wastin' everyone's time?,33.5,,,vbbridgerepair,,
bureau_booths_bridgerepair,You ain't one'a dem rebels? Are ya!?,38,,,vbbridgerepair,,
bureau_booths_bridgerepair,GET OUTTA HERE!!,42,,,vbbridgerepair,,
bureau_booths_bridgerepair,Enough already! Go away!\I've done all I can for ya!,46.5,,,vbbridgerepair,,
bureau_booths_mediation,Hello. Welcome to the Office of Mediation.\How can I help you?,0,,,vbmediation2,,
bureau_booths_mediation,That's how can WE help you?,4.7,,,vbmediation1,,
bureau_booths_mediation,Would you stop interrupting me!?,6.6,,,vbmediation2,,
bureau_booths_mediation,"Yeah, if you stop excluding me!",8.7,,,vbmediation1,,
bureau_booths_mediation,"Oh come on, how many times do I have to hear this?",10.9,,,vbmediation2,,
bureau_booths_mediation,Until you get it through your thick screen!,14.2,,,vbmediation1,,
bureau_booths_mediation,Why you…!,16.7,,,vbmediation2,,
bureau_booths_mediation,Oh yeah!?,19.7,,,vbmediation1,,
bureau_booths_mediation,<Gun shots>,21,4,,,,
bureau_booths_operations,"Lilah, quite an amazing dream you had, wasn't it?",1,7,,vboperations,,
bureau_booths_travel,Travel through the Regional Information Facility\can be an enjoyable and enlightening experience!,0,,,vbtravel,,
bureau_booths_travel,"The Atlas face, for example, features a daringly constructed statue.",5.75,,,vbtravel,,
bureau_booths_travel,Notice the giant sphere representing our society's triumph over radical curves.,10.5,,,vbtravel,,
bureau_booths_travel,Travel through the Regional Information Facility\can be an enjoyable and enlightening experience!,17,,,vbtravel,,
bureau_booths_travel,"The Records face, for example,\provides access to the sunken library.",23,,,vbtravel,,
bureau_booths_travel,"In addition, it gives one a rare opportunity\to ride the bureau elevator sideways.",28,,,vbtravel,,
bureau_booths_travel,Travel through the Regional Information Facility\can be an enjoyable and enlightening experience!,35.1,,,vbtravel,,
bureau_booths_travel,"The Nexus face, for example, offers sanctioned\gravitational passage to three other orientations!",41,,,vbtravel,,
bureau_booths_travel,Travel through the Regional Information Facility\can be an enjoyable and enlightening experience!,49.1,,,vbtravel,,
bureau_booths_travel,"The Security face, for example, combines the restriction of\card-regulated passage with the spaciousness of tempered glass walls!",55,,,vbtravel,,
bureau_booths_travel,Travel through the Regional Information Facility\can be an enjoyable and enlightening experience!,66.1,,,vbtravel,,
bureau_booths_travel,"Notice the bold arrangement of seating on the Time face,\which urges citizens to immediate action!",72.1,,,vbtravel,,
bureau_booths_travel,Travel through the Regional Information Facility\can be an enjoyable and enlightening experience!,80.1,,,vbtravel,,
bureau_booths_travel,"The Executive face, perhaps, represents\our greatest feat of thematic design.",86,,,vbtravel,,
bureau_booths_travel,Picture the bridge and the office spires as the sun\shining gloriously upon our mural sky.,91.5,,,vbtravel,,
bureau_booths_sources,Bring me the blue pages.,0.1,4,,vbsources,,
bureau_booths_sources,Bring me the BLUE pages!,4,4,,vbsources,,
bureau_booths_sources,BRING ME THE BLUE PAGES!!,7,4,,vbsources,,
bureau_booths_hints,"Ah, I see you need a little help!\Good thing you've come to the hints booth.",0,,,vbhints,,
bureau_booths_hints,Would you like a hint about bridges?,5,,,vbhints,,
bureau_booths_hints,Never cross a bridge before you come to it.,9.7,,,vbhints,,
bureau_booths_hints,"Okay, well then good luck.",15,,,vbhints,,
bureau_booths_hints,"Ah, I see you need a little help.\Would you like a hint about the bureau chief?",20,,,vbhints,,
bureau_booths_hints,He respects you if you respect yourself.,27,,,vbhints,,
bureau_booths_hints,"Okay, well then good luck.",32,,,vbhints,,
bureau_booths_hints,"Ah, I see you need a little help.\Would you like a hint about getting through to Max?",36,,,vbhints,,
bureau_booths_hints,Wait 'til he's in a good mood.,43,,,vbhints,,
bureau_booths_atlas,The statue before you commemorates the dark\period of our past when rebel ideas held sway. ,0,,,vbatlas,,
bureau_booths_atlas,"During this time, the orderly process of reorientation was rejected.\Any spherical object could be used to get from place to place.",6,,,vbatlas,,
bureau_booths_atlas,Rules meant nothing.\Our cherished bureaucracy was despised.,15,,,vbatlas,,
bureau_booths_atlas,Only through heroic struggle was the rebel movement vanquished.,20,,,vbatlas,,
bureau_booths_atlas,"Pockets of resistance remain today, but are\neutralized through a system of constant vigilance.",24,,,vbatlas,,
bureau_booths_info,"Oh, hi. You're Lilah, right?",0.5,,,vbinfo,,
bureau_booths_info,Sorry about the bridge.\You're just gonna have to get it repaired.,3.5,,,vbinfo,,
bureau_booths_info,Oughta be some booth on this floor that can help you.,8.5,,,vbinfo,,
bureau_booths_info,"Oh and by the way, don't keep the bureau chief waiting.\He hates to wait!",12,,,vbinfo,,
bureau_booths_info,And he has important information for you\about some guy by the name of “Max.”,18,,,vbinfo,,
bureau_booths_info,"Listen, I'm trying to read here, okay?\I already told you what to do.",25.1,,,vbinfo,,
bureau_booths_info,Find someone to fix that bridge\and get that information about Max.,31.2,,,vbinfo,,
bureau_maze_greet,"Oh, hi! You're here to get the bridge repaired, right?",0.2,,,vbmazegreet,,
bureau_maze_greet,I've heard great things about you!,4,,,vbmazegreet,,
bureau_maze_greet,Maybe you could put in a good word for me with the bureau chief!\I'm long overdue for a raise.,7.9,,,vbmazegreet,,
bureau_maze_greet,"A… anyway, this is a secure area.\It includes the Office of Pre-Approvals.",14.5,,,vbmazegreet,,
bureau_maze_greet,That's where you need to go with the proper document.,20,,,vbmazegreet,,
bureau_maze_greet,But I'm sure you knew that already!,23.5,,,vbmazegreet,,
bureau_maze_greet,"Well, here are your entry cards!",26,,,vbmazegreet,,
bureau_maze_greet,Here are your entry cards.\You'll need them to get to Pre-Approvals.,31,,,vbmazegreet,,
bureau_maze_greet,"Oh, and please don't forget about my raise.",35.5,,,vbmazegreet,,
bureau_maze_greet,Here are your entry cards… again.,41,,,vbmazegreet,,
bureau_maze_greet,"But… you know,\I can't wait much longer for my raise",45,,,vbmazegreet,,
bureau_maze_greet,You want some more entry cards? Sure.,50.1,,,vbmazegreet,,
bureau_maze_greet,But it's tough out there today.\Money's tight. Gotta put food on the table.,53,,,vbmazegreet,,
bureau_maze_greet,"<Sigh> Look, this raise thing is getting too painful for me.",60,,,vbmazegreet,,
bureau_maze_greet,"<Sigh> Let's just forget it, okay?\Here, take your damn cards.",64.5,,,vbmazegreet,,
bureau_maze_greet,"Take, take, take!\That's all you ever do!",70,,,vbmazegreet,,
bureau_maze_greet,Here are your entry cards.,76,,,vbmazegreet,,
bureau_maze_gumball,Another gumball? Thanks!,0,,,vbmazelounge,,
bureau_maze_lounge,"Oh, hi! You're the one going to Pre-Approvals, right?",0,,,vbmazelounge,,
bureau_maze_lounge,Well there's no need to wait here in the lounge.\It's over in the far left corner.,4,,,vbmazelounge,,
bureau_maze_lounge,They're ready whenever you are.,9,4,,vbmazelounge,,
bureau_maze_lounge,Oops! Excuse me!,15,,,vbmazelounge,,
bureau_maze_lounge,Still looking for Pre-Approvals?\It's back in the far left corner.,19.5,,,vbmazelounge,,
bureau_maze_psych,This is the Office of Psychiatric Assessment.\I need to give you a test.,0.5,,,vbmazepsych,,
bureau_maze_psych,It will help me evaluate your personality.,5.1,,,vbmazepsych,,
bureau_maze_psych,Look at this picture.,8.8,,,vbmazepsych,,
bureau_maze_psych,Does it remind you of\...\…,12.1,,,vbmazepsych,,
bureau_maze_psych,Does it remind you of\A: Shiny blades of grass covered with the blood of a strangled witch.\…,13.5,,,vbmazepsych,,
bureau_maze_psych,Does it remind you of\A: Shiny blades of grass covered with the blood of a strangled witch.\B: A freshly-baked scone that's been laced with poison frosting.,18.1,,,vbmazepsych,,
bureau_maze_psych,Hmm… Very interesting.  Now look at this picture.,25.5,,,vbmazepsych,,
bureau_maze_psych,Does it resemble\...\…,32.5,,,vbmazepsych,,
bureau_maze_psych,Does it resemble\A: The garbled mumbling of a drunken poet.\…,34,,,vbmazepsych,,
bureau_maze_psych,Does it resemble\A: The garbled mumbling of a drunken poet.\B: That special tingly feeling after a hot and steamy bath.,38,,,vbmazepsych,,
bureau_maze_psych,Hmm… Quite peculiar.,42.5,,,vbmazepsych,,
bureau_maze_psych,Now look at this picture.,45.5,,,vbmazepsych,,
bureau_maze_psych,Does this remind you of\...\…,49.5,,,vbmazepsych,,
bureau_maze_psych,Does this remind you of\A: Nothing.\…,51,,,vbmazepsych,,
bureau_maze_psych,Does this remind you of\A: Nothing.\B: Not sure.,53,,,vbmazepsych,,
bureau_maze_psych,"It's a dog, you idiot! Plain as day!\Why can't you see that?\Are you crazy? Get the hell out of my office!",56.5,,,vbmazepsych,,
bureau_maze_psych,Leave! Now!\Or I'll have you committed at once!,66,,,vbmazepsych,,
bureau_maze_psych,I need to give you another test.\It will help me evaluate your intelligence.,72,,,vbmazepsych,,
bureau_maze_psych,What is wrong with this picture?\...\…,77,,,vbmazepsych,,
bureau_maze_psych,What is wrong with this picture?\A: The mother's dress is shabby and brings shame to her cursing son.\…,80,,,vbmazepsych,,
bureau_maze_psych,"What is wrong with this picture?\A: The mother's dress is shabby and brings shame to her cursing son.\B: His curses turn to sobbing, but she will not pick him up.",85,,,vbmazepsych,,
bureau_maze_psych,Very provocative.,90.8,,,vbmazepsych,,
bureau_maze_psych,Now what is wrong with this picture?\...\…,92.8,,,,,
bureau_maze_psych,Now what is wrong with this picture?\A: The mother resorts to drinking and ignores the son completely.\…,95,,,vbmazepsych,,
bureau_maze_psych,Now what is wrong with this picture?\A: The mother resorts to drinking and ignores the son completely.\B: She erupts in frequent rages and attacks the fleeing son.,101,,,vbmazepsych,,
bureau_maze_psych,"Hmm, very illuminating.",107,,,vbmazepsych,,
bureau_maze_psych,Now what is wrong with this picture?\...\…,109.5,,,vbmazepsych,,
bureau_maze_psych,Now what is wrong with this picture?\A: The mother is not a beast.\…,111.2,,,vbmazepsych,,
bureau_maze_psych,Now what is wrong with this picture?\A: The mother is not a beast.\B: The son is deeply troubled.,115,,,vbmazepsych,,
bureau_maze_psych,There's nothing wrong with this picture!,119,,,vbmazepsych,,
bureau_maze_psych,"She's really like that!\Why won't anyone believe me!?\Go away, leave me alone!",120.5,,,vbmazepsych,,
bureau_maze_psych,You're just like her!\She hates me!\Why does everyone hate me!?,143,,,vbmazepsych,,
bureau_maze_psych,<Sobbing> Momma! Momma!,166.5,,,vbmazepsych,,
bureau_maze_ear,Hello! I need to give you a hearing test.,0,,,vbmazeear,,
bureau_maze_ear,Can you hear this?,6,,,vbmazeear,,
bureau_maze_ear,<Silence>,10,,,,,
bureau_maze_ear,You're hearing things!\I can't help you.,14.1,,,vbmazeear,,
bureau_maze_ear,Go see the eye guy instead.,20,,,vbmazeear,,
bureau_maze_ear,What? You can't hear anything!\Go see the eye guy instead.,27,,,vbmazeear,,
bureau_maze_eye,"Hello, I need to examine your eyes.",0,,,vbmazeeye,,
bureau_maze_eye,What I need you to do is,3,,,vbmazeeye,,
bureau_maze_eye,<Inaudible whispering>\(Come over here and sit on this couch…),5,,,vbmazeeye,,
bureau_maze_eye,<Inaudible whispering>\(Look at the wall…),7,,,vbmazeeye,,
bureau_maze_eye,<Inaudible whispering>\(And read these letters as fast as you can.),8,3,,vbmazeeye,,
bureau_maze_eye,What's the matter with you?\Couldn't you hear my instructions?,12,,,vbmazeeye,,
bureau_maze_eye,Come back when you've seen the ear guy.,15.8,,,vbmazeeye,,
bureau_maze_shred,<Snoring>,0,,,vbmazeshred,,
bureau_maze_shred,<Gasps>,3.1,,,vbmazeshred,,
bureau_maze_shred,Oh… hi! Wasn't… sleeping!\Too many... documents to shred!,4.8,,,vbmazeshred,,
bureau_maze_shred,"Shred, shred, shred, why are you here?",10.1,,,vbmazeshred,,
bureau_maze_shred,Why does everyone come through here?\What's so important about black cards?,13,,,vbmazeshred,,
bureau_maze_shred,Black cards.\Black cards!\BLACK CARDS!,17.8,,,vbmazeshred,,
bureau_maze_shred,<Falls asleep>,22,,,vbmazeshred,,
bureau_maze_middle_deny,You! What are you trying to pull?,0,,,vbmazesecurity,,
bureau_maze_middle_deny,Come in here with those cards and you'll never get out.,3.1,,,vbmazesecurity,,
bureau_maze_middle_deny,"I've got my eye on you, soldier!",6,,,vbmazesecurity,,
bureau_maze_photo,Need an ID?\Want your picture taken?,0,,,vbmazephoto,,
bureau_maze_photo,Fine. What do I care?,3.7,,,vbmazephoto,,
bureau_maze_photo_groan1,Stunning. Gorgeous.\I can barely contain myself.,0,,,vbmazephoto,,
bureau_maze_photo_groan2,Charming. Radiant.\I'll be sure to tell all my friends.,0,,,vbmazephoto,,
bureau_maze_personnel,"Oh, hello! Welcome to Personnel.",0,,,vbmazepersonnel,,
bureau_maze_personnel,"It's a confusing place here, I know,\but if I do my job right, you'll be clear in no time.",3.1,,,vbmazepersonnel,,
bureau_maze_personnel,Would like a little friendly advice?,10.2,,,vbmazepersonnel,,
bureau_maze_personnel,Okay! Come back when you feel like it.,14,,,vbmazepersonnel,,
bureau_maze_personnel,"Well, the thing to remember about these offices is that\you need a lot of black cards to get through.",19,,,vbmazepersonnel,,
bureau_maze_personnel,"If it helps, stop by as often as you'd like.\And you might also get to know the fellow in Document Disposal.",25.2,,,vbmazepersonnel,,
bureau_maze_personnel,But don't let him influence you.\He's no model employee.,33,,,vbmazepersonnel,,
bureau_maze_personnel,"Listen, can you stay and chat a while?",38.7,,,vbmazepersonnel,,
bureau_maze_personnel,"Great, I love to chat!\My family says I never…",44.5,,,vbmazepersonnel,,
bureau_maze_personnel,Hey… my family!\Let me show you some pictures!,49.5,,,vbmazepersonnel,,
bureau_maze_personnel,"This is my oldest, Billy.\Ah! Can't get him off the soccer field!",55,,,vbmazepersonnel,,
bureau_maze_personnel,"And this is my youngest, Angela.\Doesn't she look just like me?",61.5,,,vbmazepersonnel,,
bureau_maze_personnel,Oh… Well I think so.,69.1,,,vbmazepersonnel,,
bureau_maze_personnel,Thanks! Come back soon!,74,,,vbmazepersonnel,,
bureau_maze_personnel,"Well, hello again!\I've been wondering if you could use some assistance.",79.5,,,vbmazepersonnel,,
bureau_maze_personnel,And I've got pictures of the relative?\Want to see?,85,,,vbmazepersonnel,,
bureau_maze_personnel,Okay. I'm always here if you need me.,91,,,vbmazepersonnel,,
bureau_maze_personnel,Great! This is Cousin Dot.\She's having a bit of a weight problem.,97,,,vbmazepersonnel,,
bureau_maze_personnel,"By the way, how are things going?\You remember about the black cards, right?",105,,,vbmazepersonnel,,
bureau_maze_personnel,Have you been able to find enough?,111,,,vbmazepersonnel,,
bureau_maze_personnel,"Oh, and look!\This is my Great Aunt Beth.",113.7,,,vbmazepersonnel,,
bureau_maze_personnel,103 and still going strong.,118.5,,,vbmazepersonnel,,
bureau_maze_personnel,"Listen to me… Jibber jabber, jibber jabber.\And you're the one who needs the help.",124.1,,,vbmazepersonnel,,
bureau_maze_personnel,"So, keep coming back here. It'll always give you a boost.\And so will Document Disposal!",131,,,vbmazepersonnel,,
bureau_maze_personnel,Our offices are almost exactly alike.,141,,,vbmazepersonnel,,
bureau_maze_personnel,"Hey, that reminds me!\My sister's identical twins!",144,,,vbmazepersonnel,,
bureau_maze_personnel,That's all for now!\See you later!,152.5,,,vbmazepersonnel,,
bureau_maze_personnel,Hi! Good to see you again!,157,,,vbmazepersonnel,,
bureau_maze_personnel,"No new pictures, but would you like to see the old ones?",160,,,vbmazepersonnel,,
bureau_maze_end1,"Love to help ya hun, but there\ain't nothin more to do here.",0,,,vbmazepreapprovals,,
bureau_maze_end1,Now it's all up to Immediate Action.,4.8,,,vbmazepreapprovals,,
bureau_maze_end1,"Whatcha doin' here, hun?\Have you got to the bureau chief yet?",9.5,,,vbmazepreapprovals,,
bureau_maze_end1,Has he told you all about Max?\Wish I knew the scoop myself.,13,,,vbmazepreapprovals,,
bureau_maze_end1,"I'd tell ya straight up,\but news always travels here last.",17.8,,,vbmazepreapprovals,,
bureau_maze_end2,"Well, hi there! Y'all found me!\Good for you!",0.5,,,vbmazepreapprovals,,
bureau_maze_end2,Can't get approved until you get pre-approved.,5,,,vbmazepreapprovals,,
bureau_maze_end2,And listen… Sorry about that easterner in Bridge Repair.,8.5,,,vbmazepreapprovals,,
bureau_maze_end2,"Talk about an accent, sheesh!",12.5,,,vbmazepreapprovals,,
bureau_maze_end2,"Anyway hun, let me see that document.",16,,,vbmazepreapprovals,,
bureau_maze_end2,"Well, looks like everything's in order.\Stand back!",20.5,4,,vbmazepreapprovals,,
bureau_maze_end2,That information about your friend Max can't be far off now.\I hope it comes in time!,26,,,vbmazepreapprovals,,
bureau_maze_end2,Just take this little old stamped thing across the way to Immediate Action.\They'll get right on it!,32.2,,,vbmazepreapprovals,,
bureau_maze_end2,"Well, hi there! Y'all found me!\Good for you!",42,,,vbmazepreapprovals,,
bureau_maze_end2,Can't get approved until you get pre-approved.,46,,,vbmazepreapprovals,,
bureau_maze_end2,And listen… Sorry about that easterner in Bridge Repair.,49.5,,,vbmazepreapprovals,,
bureau_maze_end2,"Talk about an accent, sheesh!",53.5,,,vbmazepreapprovals,,
bureau_maze_end2,"Anyway hun, let me see that document.",57.2,,,vbmazepreapprovals,,
bureau_maze_end2,"Now hun, you just don't have the document I need.",61,,,vbmazepreapprovals,,
bureau_maze_end2,"Tell you what though, head on back to the Atlas face and\go see the fellow with that awful accent in Bridge Repair.",65,,,vbmazepreapprovals,,
bureau_maze_end2,"He'll get you on track. And when you're ready,\come on over to my outside door. I'll sneak you right in!",71.5,,,vbmazepreapprovals,,
bureau_maze_end2,"Well, hi there! Y'all came back!\Good for you!",81,,,vbmazepreapprovals,,
bureau_maze_end2,Can't get approved until you get pre-approved.,85,,,vbmazepreapprovals,,
bureau_maze_end2,And listen… Sorry about that easterner in Bridge Repair.,88,,,vbmazepreapprovals,,
bureau_maze_end2,"Talk about an accent, sheesh!",92,,,vbmazepreapprovals,,
bureau_maze_end2,"Anyway hun, let me see that document.",95.2,,,vbmazepreapprovals,,
bureau_maze_end2,"Well, looks like everything's in order!\Stand back!",101,4,,vbmazepreapprovals,,
bureau_maze_end2,That information about your friend Max can't be far off now.\I hope it comes in time!,106.5,,,vbmazepreapprovals,,
bureau_maze_end2,Just take this little old stamped thing across the way to Immediate Action.\They'll get right on it!,113,,,vbmazepreapprovals,,
bureau_maze_end2,"Well, hi there! Y'all came back!\Lemme see your document, hun!",123,,,vbmazepreapprovals,,
bureau_maze_end2,"Now, hun, you just don't have the document I need.",129.5,,,vbmazepreapprovals,,
bureau_maze_end2,"Tell you what though, head on back to the Atlas face and\go see the fellow with that awful accent in Bridge Repair.",133.8,,,vbmazepreapprovals,,
bureau_maze_end2,"He'll get you on track. And when you're ready,\come on over to my outside door. I'll sneak you right in!",140.5,,,vbmazepreapprovals,,
bureau_maze_greet_nocards,Look who's back. The big shot.,0,,,vbmazegreet,,
bureau_maze_greet_nocards,"No raise, I take it?\Well then you can just forget about these cards.",3.7,,,vbmazegreet,,
bureau_maze_greet_nocards,Why don't you sneak around the side to Pre-Approvals?,8,,,vbmazegreet,,
bureau_maze_greet_nocards,Maybe you can get her a raise.,11.8,,,vbmazegreet,,
bureau_maze_greet_nocards,But she won't stamp your document. You know why?\'Cause you don't have a document!,14.2,,,vbmazegreet,,
bureau_maze_greet_nocards,"Look who's back, with a fabulous new document.\Why, it's the chief's best friend.",22.5,,,vbmazegreet,,
bureau_maze_greet_nocards,"Well. No raise, no cards!",31,,,vbmazegreet,,
bureau_maze_greet_nocards,But why don't you sneak around the side to Pre-Approvals?\Maybe she'll fall for your empty promises!,34.3,,,vbmazegreet,,
bureau_maze_greet_nocards,"Oh, it's you again.",43.1,,,vbmazegreet,,
bureau_maze_greet_nocards,No raise?\Well then kiss these cards goodbye!,45,,,vbmazegreet,,
bureau_maze_greet_nocards,And don't even ask what people are saying about Max.,49,,,vbmazegreet,,
bureau_maze_greet_nocards,Just run along to your little bridge and your bureau chief.,53,,,vbmazegreet,,
bureau_maze_greet_nocards,I'll just sit here and starve!,57.5,,,vbmazegreet,,
bureau_maze_security,"So, you wanna march with the big boys,\do ya soldier?",0,,,vbmazesecurity,,
bureau_maze_security,We'll see about that.\Security is our A-1 priority!,5,,,vbmazesecurity,,
bureau_maze_security,Fill out this form and we'll take it from there.,9.9,,,vbmazesecurity,,
bureau_maze_security,"You haven't completed the form, soldier.",17.7,,,vbmazesecurity,,
bureau_maze_security,Come back when you can follow orders!,19.9,,,vbmazesecurity,,
bureau_maze_security,You eat your ice cream from a cone?,27,,,vbmazesecurity,,
bureau_maze_security,Doesn't bode well.\I'm keeping you under constant surveillance.,29.7,,,vbmazesecurity,,
bureau_maze_security,You eat your ice cream from a bowl?\And expect our trust?,39,,,vbmazesecurity,,
bureau_maze_security,"From now on, you'll be watched like a hawk!",44.4,,,vbmazesecurity,,
bureau_maze_security,You eat your ice cream from the carton?\No restraint!,52,,,vbmazesecurity,,
bureau_maze_security,We'll be monitoring every step of your progress!,56,,,vbmazesecurity,,
bureau_maze_security,"I have your form on file, soldier,\but I guess there's no harm in updating it.",61.7,,,vbmazesecurity,,
bureau_immediate_action_document,"Lilah, welcome!\May I take a look at that document?",0.3,5.5,,vbimmediate,,
bureau_immediate_action_document,"Oh, no! I do wish I could help.",7,,,vbimmediate,,
bureau_immediate_action_document,"You've got the right document,\but it hasn't been stamped yet by Pre-Approvals.",9.5,,,vbimmediate,,
bureau_immediate_action_document,"Come back when that's done,\and see what you can do about our clock while you're at it.",13.9,,,vbimmediate,,
bureau_immediate_action_document,"Lilah, welcome!\May I take a look at that document?",20.5,,,vbimmediate,,
bureau_immediate_action_document,"Splendid, Lilah!\You've done so well!",27.5,5.5,,vbimmediate,,
bureau_immediate_action_document,"It can only be a matter of moments before\the bridge is fixed, you can reach the bureau chief's office,\and get that information about Max.",30.5,,,vbimmediate,,
bureau_immediate_action_document,"Speaking of moments, I'm afraid our clock is stopped.",38.4,,,vbimmediate,,
bureau_immediate_action_document,"As soon as it's working, I'll go right ahead\and process your request.",42,,,vbimmediate,,
bureau_immediate_action_document,"Lilah, welcome!\May I take a look at that document?",48.5,,,vbimmediate,,
bureau_immediate_action_document,"Oh, no! I do so wish I could help.",56,,,vbimmediate,,
bureau_immediate_action_document,"You've got the right document,\but it hasn't been stamped yet by Pre-Approvals.",59,,,vbimmediate,,
bureau_immediate_action_document,You'll just have to brave that maze.\Those bloody cards.,64,,,vbimmediate,,
bureau_immediate_action_document,I know you can do it!\Come back when you're done!,68.5,,,vbimmediate,,
bureau_immediate_action_document,"Lilah, how good to see you!\May I take a look at that document?",73.5,,,vbimmediate,,
bureau_immediate_action_document,<Static>,77.7,,,,,
bureau_immediate_action_document,"Lilah, is that you?",80,,,max,,
bureau_immediate_action_document,This place… it's… amazing…,83,,,max,,
bureau_immediate_action_document,"I'm in a… control room, I guess.",88,,,max,,
bureau_immediate_action_document,Can you see me?\Do you hear me?,92,,,max,,
bureau_immediate_action_document,"Lilah, are you there?",96,,,max,,
bureau_immediate_action_document,… Strange …,100.5,,,vbimmediate,,
bureau_immediate_action_document,Some kind of technical…,101.5,,,vbimmediate,,
bureau_immediate_action_document,"Well, nevermind.",104.2,,,vbimmediate,,
bureau_immediate_action_document,"Where was I?\Oh, yes, your document!",105.8,5,,vbimmediate,,
bureau_immediate_action_document,"Bravo, Lilah!\You've done it!",112.2,,,vbimmediate,,
bureau_immediate_action_document,I'm amazed you could decipher\that woman in Pre-Approvals.,115.3,,,vbimmediate,,
bureau_immediate_action_document,"To my ears, she isn't speaking English at all.",119,,,vbimmediate,,
bureau_immediate_action_document,"But I digress, everything's in order now.",122,,,vbimmediate,,
bureau_immediate_action_document,"… Only, I'm afraid there's a terrible backlog.",126,,,vbimmediate,,
bureau_immediate_action_document,Come back in a year.\We'll take immediate action then.,130,,,vbimmediate,,
bureau_immediate_action_document,For the time being: Closed!,134,,,vbimmediate,,
bureau_immediate_action,"Greetings, Lilah!",0.2,,,vbimmediate,,
bureau_immediate_action,They told me you'd be paying us a visit\here at Immediate Action.,1.7,,,vbimmediate,,
bureau_immediate_action,Only I'm afraid I can't help you yet with that bridge.,5.5,,,vbimmediate,,
bureau_immediate_action,"Terribly sorry, but our clock is broken\and we can't quite seem to get it working.",8.5,,,vbimmediate,,
bureau_immediate_action,It also appears that you're missing\that stamped document I need,13.3,,,vbimmediate,,
bureau_immediate_action,I do hope you can solve these problems.,17,,,vbimmediate,,
bureau_immediate_action,Come back when you have.,19,,,vbimmediate,,
bureau_immediate_action,"Lilah, hello again!",22.7,,,vbimmediate,,
bureau_immediate_action,"Clock stopped, no stamped document,\afraid I can't help you yet.",24.7,,,vbimmediate,,
bureau_immediate_action,Check in with Bridge Repair on the Atlas face.,29.1,,,vbimmediate,,
bureau_immediate_action,"He'll set you straight,\if you can get past that dreadful blather.",32,,,vbimmediate,,
bureau_immediate_action,"So sorry, Lilah,\but the clock still isn't working.",39,,,vbimmediate,,
bureau_immediate_action,"Soon as it is, I'll go right ahead\and process your request.",44.5,,,vbimmediate,,
bureau_immediate_action_clock,"Lilah, I see you've given us a spot of help with our clock.",0.3,,,vbimmediate,,
bureau_immediate_action_clock,I'm so proud of you.,4.7,,,vbimmediate,,
bureau_immediate_action_clock,"Soon, the bridge will be fixed,\you'll be crossing it to the bureau chief's office,\and getting that information about Max.",6.9,,,vbimmediate,,
bureau_immediate_action_clock,Only problem is…,13.5,,,vbimmediate,,
bureau_immediate_action_clock,You don't have that infernal stamped document.,14.2,,,vbimmediate,,
bureau_immediate_action_clock,Come back as soon as you do.,15.2,,,vbimmediate,,
bureau_rebel_voice_ia,"Lilah, they'll never help you.\I can. Meet me at the light.",0,,,rebelvoice,,
bureau_rebel_voice_comeback,"No, don't go.\Just keep turning.",0,,,rebelvoice,,
bureau_rebel_voice_welcome,You made it. Good.\I thought you'd never tire of their procedures.,0,,,rebelvoice,,
bureau_rebel_voice_welcome,Now listen to me:\I know how you can get to Max.,5,,,rebelvoice,,
bureau_rebel_voice_welcome,Turn off the lights or they'll see us.,8.8,,,rebelvoice,,
bureau_rebel,"Welcome to the rebellion, Lilah.\You are wise to join.",0.8,,,rebel,,
bureau_rebel,It's the only way to learn about your friend.,4.5,,,rebel,,
bureau_rebel,"Now, listen carefully:",6.8,,,rebel,,
bureau_rebel,"There is a much quicker way of traveling from face to face,\but only the bureau chief can give you access.",8.8,,,rebel,,
bureau_rebel,"We have located, at great risk,\a document that will help you reach him.",15.8,,,rebel,,
bureau_rebel,It can be found under “Orient Militia”,20.8,,,rebel,,
bureau_rebel,You're in grave danger now.\Do as I said!,39,,,rebel,,
bureau_rebel,Retrieve the document and\use it to call the bureau chief.,42.7,,,rebel,,
bureau_rebel,It's under “Orient Militia”,46.1,,,rebel,,
bureau_phone_answer_000001,You have reached the Rebel Control Hotline.,0,,,vbrebel,,
bureau_phone_answer_000001,Our office is located on the Atlas face.,3,,,vbrebel,,
bureau_phone_answer_000001,"During regular business hours,\if you spot any suspicious activity,\please report here immediately.",6,,,vbrebel,,
bureau_phone_answer_000002,This is the Bureau Hygiene Department\located on the Atlas face.,0,,,vbhygiene,,
bureau_phone_answer_000002,Our phone is currently being disinfected\and cannot receive any messages.,3.5,,,vbhygiene,,
bureau_phone_answer_000003,"Bridge Repair, Atlas face.\Hold on, other line's ringin'.",0,,,vbbridgerepair,,
bureau_phone_answer_000003,"Listen, it's the pizza guy!\Gotta go!",4.9,,,vbbridgerepair,,
bureau_phone_answer_000004,This is the Office of Mediation.\Glad you called.,0,,,vbmediation1,,
bureau_phone_answer_000004,"You're not glad,\you couldn't care less.",3.8,,,vbmediation2,,
bureau_phone_answer_000004,Why are you always so negative?,6.2,,,vbmediation1,,
bureau_phone_answer_000004,Why are you always so fake?,8.2,,,vbmediation2,,
bureau_phone_answer_000004,Go to hell!,10.9,,,vbmediation1,,
bureau_phone_answer_000004,"No, you go to hell!",11.9,,,vbmediation2,,
bureau_phone_answer_000101,Hello. Listen closely.,0,,,vbmazeeye,,
bureau_phone_answer_000101,I need you to\<Inaudible whispering>\(… come to my office and come to wall here … )\( ... read the letters off the wall as fast … can … ),2,,,vbmazeeye,,
bureau_phone_answer_000103,"Hi, there! You've reached the Office of Pre-Approvals.",0,,,vbmazepreapprovals,,
bureau_phone_answer_000103,We're out on a break right now\sippin' some of Aunt Daisy's iced tea.,3.5,,,vbmazepreapprovals,,
bureau_phone_answer_000103,"Come sit a spell if you can,\there's always room for one more.",8,,,vbmazepreapprovals,,
bureau_phone_answer_000201,Hello!? Can you hear me!?,0,,,vbmazeear,,
bureau_phone_answer_000201,Where are you calling from!?,4.3,,,vbmazeear,,
bureau_phone_answer_000201,What!?,7.2,,,vbmazeear,,
bureau_phone_answer_000201,I can't hear a word you're saying!!,9.1,,,vbmazeear,,
bureau_phone_answer_000202,"Where are you, soldier?\Get off that namby pamby phone!",0,,,vbmazesecurity,,
bureau_phone_answer_000202,Come see me in person on the Security face\where I can assess the grip of your handshake.,4.5,,,vbmazesecurity,,
bureau_phone_answer_000203,"Oh, hi! How's it going?",0,,,vbmazepersonnel,,
bureau_phone_answer_000203,I'll have some more family photos soon!,3,,,vbmazepersonnel,,
bureau_phone_answer_000203,Come on over to the personnel office on the Security face\and we can put our feet up for a little while.,5.8,,,vbmazepersonnel,,
bureau_phone_answer_000301,Mother? Is that you!?\Have you come back!?,0,,,vbmazepsych,,
bureau_phone_answer_000301,I'm so pleased!!,3.8,,,vbmazepsych,,
bureau_phone_answer_000301,Come see me on the Security face.\First cubicle to your right!,6,,,vbmazepsych,,
bureau_phone_answer_000302,"Hi, got any gum?",0,,,vbmazelounge,,
bureau_phone_answer_000302,"Oh well, thanks anyway.",2.8,,,vbmazelounge,,
bureau_phone_answer_000303,This is the ID Photo Office.\Leave a message. Fine. Doesn't matter to me.,0,,,vbmazephoto,,
bureau_phone_answer_020001,"Information desk, who's calling?",0,,,vbinfo,,
bureau_phone_answer_020001,"Oh, Lilah… I know it's you.\Why do you keep bugging me?",3,,,vbinfo,,
bureau_phone_answer_020001,Why can't you just follow the procedures like you're supposed to?,8,,,vbinfo,,
bureau_phone_answer_020001,"If I didn't know better, I'd start thinking you're one of the rebels.",11,,,vbinfo,,
bureau_phone_answer_020002,Thank you for calling the Atlas statue.\Our opening gala has been postponed\due to a collision with the bridge.,0,,,vbatlas,,
bureau_phone_answer_020002,"Our automated docent, however,\remains available for audio commentary.",6.5,,,vbatlas,,
bureau_phone_answer_040001,You've reach the Department of Hints on the Atlas face.,0,,,vbhints,,
bureau_phone_answer_040001,Here's a hint:\This isn't the office you want.,3.2,,,vbhints,,
bureau_phone_answer_040002,You have reached the Department of Sources.,1,,,stauf,,
bureau_phone_answer_040002,My name is Stauf.,4.6,,,stauf,,
bureau_phone_answer_040002,"At present, there are six guests in my mansion.",7.75,,,stauf,,
bureau_phone_answer_040002,Who will become… the 7th?,12,,,stauf,,
bureau_phone_answer_040002,Ah ha ha ha ha ha ha ha ha haaaa!!,15.3,,,stauf,,
bureau_phone_answer_040003,Travel through the Regional Information Facility\can often be a big honkin' pain in the butt!,0,,,vbtravel,,
bureau_phone_answer_040003,Our office on the Atlas face will provide\an entertaining and informative tour.,6.1,,,vbtravel,,
bureau_phone_answer_040102,Immediate Action.\Hold on a minute.,0,,,iasecretary,,
bureau_phone_boss,Lilah! Nice to hear from you.,0,,,bchief,,
bureau_phone_boss,… And how interesting you got this number.,3.5,,,bchief,,
bureau_phone_boss,It's not obtainable via standard procedure.,6.5,,,bchief,,
bureau_phone_boss,"Well, no matter.\I'm glad you're on your way.",10,,,bchief,,
bureau_phone_boss_goaway,Lilah. Why are you calling me?\I asked you to fix the bridge.,0,,,bchief,,
bureau_phone_library,"You have reached the library grotto\with extensive collections on gravity,\bureaucracy, weather, and nanotechnology.",0,,,bureauphone,,
bureau_phone_library,Our collection is rapidly expanding\with floor and ceiling racks to serve you.,8.2,,,bureauphone,,
bureau_phone_filing,This is the records face.\We appreciate your inquiry.,0,,,bureauphone,,
bureau_phone_filing,The longest anagram of the words\“records” and “face” is “scorecard.”,4.2,,,bureauphone,,
bureau_phone_filing,Similar information is available here at all times.\No appointment is necessary.,10,,,bureauphone,,
bureau_phone_empty,You have dialed an unoccupied space.\Phone service does not connect here.,0,,,bureauphone,,
bureau_phone_empty,Please try your call again.,5,,,bureauphone,,
bureau_phone_invalid,You have dialed incorrectly.\Please try again.,0,,,bureauphone,,
bureau_chief_ceiling,"Lilah, you've arrived!",1,,,bchief,,-6.5
bureau_chief_ceiling,"But somehow, you're standing on my sky.",4.7,,,bchief,,-6.5
bureau_chief_ceiling,"How can this be, I wonder?",8.8,,,bchief,,-6.5
bureau_chief_ceiling,Have you made a new friend?\Have you seen the light?,11.8,,,bchief,,-6.5
bureau_chief_ceiling,Well… no matter.,16.2,,,bchief,,-6.5
bureau_chief_ceiling,Come back with your feet on the ground.,19,,,bchief,,-6.5
bureau_finale_heyyou,"Hey, you! Down here.",1,,,vbinfo,,
bureau_finale_heyyou,What the hell do you think you're doing?,3.8,,,vbinfo,,
bureau_finale_stop,Stop! Go back now!,0,,,vbinfo,,
bureau_finale_stop,You're breaking every damn rule in the book!,3,,,vbinfo,,
bureau_finale_stop,You know they shoot people for less around here.,5.9,,,vbinfo,,
bureau_finale_sink,Ow! You're lousing up my vertical hold!,0,,,vbinfo,,
bureau_finale_complain,Thanks a lot.\Happy now?,0,,,vbinfo,,
bureau_finale_complain,I hope you fall and crash\and shatter in a million pieces!,4,,,vbinfo,,
bureau_finale_ending,Lilah. Too bad.,2,,,bchief,,
bureau_finale_ending,I am very disappointed in you.,5.9,4,,bchief,,
bureau_finale_ending,You've made it here…\Certainly.,12.8,,,bchief,,
bureau_finale_ending,But by violating every procedure in the book!,15.9,4,,bchief,,
bureau_finale_ending,"In fact, your methods represent all I despise!",20.2,6,,bchief,,
bureau_finale_ending,Creativity...\Originality…,27.5,,,bchief,,
bureau_finale_ending,The very things that would destroy my bureau!,30.5,,,bchief,,
bureau_finale_ending,<Garbled noises>,34,4,,bchief,,
bureau_finale_ending,"But I have orders, Lilah,\from above…",38.3,,,bchief,,
bureau_finale_ending,… to provide you with information about Max.,43,,,bchief,,
bureau_finale_ending,If I were you… rebel…\perhaps I'd resist.,47.4,,,bchief,,
bureau_finale_ending,So just be glad I took the Bureaucratic Oath.,53,5,,bchief,,
bureau_finale_ending,"Weave a circle round him thrice,\close your eyes with holy dread.",63.5,,,youngmax,,
bureau_finale_ending,"For he on honeydew hath fed,\and drunk the milk of Paradise.",69,,,youngmax,,
bureau_finale_ending,That was Max Powers reciting Kubla Khan…,74,3.3,1,maxteacher,,-4
bureau_finale_ending,It's called a “PMA.”\Programmable molecular assembler.,74,3.3,,max,,0
bureau_finale_ending,"I know, I read your paper.",77.3,,,lilah,,
bureau_finale_ending,"So, what are you going to do with it?",78.5,,,lilah,,
bureau_finale_ending,Haven't thought about it yet.,80.5,,,max,,
bureau_finale_ending,I've got an idea.,81.5,,,lilah,,
bureau_finale_ending,There are no excuses.,83,,,administrator,,
bureau_finale_ending,"Max, I kept warning you had a test tomorrow.",85,4,,administrator,,
bureau_finale_ending,"You're sick, Max, go to sleep.\No use banging your head against the wall.",89.5,7,,lilahvoice,,
spider_max,Lilah!,11.5,,,max,,
spider_max,I've been exploring.,13.5,,,max,,
spider_max,Everything here seems…\so precise.,16.9,,,max,,
spider_max,Reminds me of the data structures we designed for--,22.7,,,max,,
spider_max,You know… if this weren't at such a huge scale…,28.6,5,,max,,
spider_max,I'd think this was Ceres.,36.2,5,,max,,
spider_max,Could it have become conscious?,40.9,,,max,,
spider_max,Did it…,44.1,,,max,,
spider_max,Eject its core and… crash back to Earth to...\seek us out?,46.9,7,,max,,
spider_max,"Lilah, you've got to see this.\Get under that grate as soon as you can.",55,,,max,,
spider_control_fire,"In the beginning, Max created the machine,",0,,,controlroom,,
spider_control_fire,But the veins of the machine were empty.,3.75,,,controlroom,,
spider_control_fire,"For Max, fire was nothing more than a spark from a wall.",6.3,,,controlroom,,
spider_control_fire,"For us, it is the blood of our bloodline.",10.5,,,controlroom,,
spider_control_metal,"In the beginning, Max created the machine,",0,,,controlroom,,
spider_control_metal,But the machine was lacking stature.,3,,,controlroom,,
spider_control_metal,"For Max, metal was nothing more than rivets and beams.",5.9,,,controlroom,,
spider_control_metal,"For us, it is our very flesh and bone.",10,,,controlroom,,
spider_control_oil,"In the beginning, Max created the machine,",0,,,controlroom,,
spider_control_oil,But the machine could feel no mirth.,3,,,controlroom,,
spider_control_oil,"For Max, oil was nothing more than a crude fuel.",5.9,,,controlroom,,
spider_control_oil,"For us, it is the wine that makes us dance.",10.2,,,controlroom,,
spider_control_air,"In the beginning, Max created the machine,",0,,,controlroom,,
spider_control_air,But the machine was still and weak.,3.2,,,controlroom,,
spider_control_air,"For Max, air was nothing more than pressure on a gauge.",6.2,,,controlroom,,
spider_control_air,"For us, it is the might within our limbs.",10.2,,,controlroom,,
spider_control_finished,And the machine was complete.,0,,,controlroom,,
spider_control_finished,And the machine no longer needed Max.,2.5,,,controlroom,,
spider_control_max,Of course!,1.8,,,max,,
spider_control_max,"Lilah, this is my dream about the mechanical spider.",3.8,,,max,,
spider_control_max,The one that convinced me to build in human controls…,9.2,,,max,,
spider_control_max,Ceres must have broken into our journals… studied them…,14,,,max,,
spider_control_max,But… why dreams?,18.6,,,max,,
spider_control_max,And why would it actually build them?,21.6,,,max,,
spider_ending,Paradise…,82.4,,,conductor,,
spider_ending,"It is the reason for my creation, correct?",84,,,conductor,,
spider_ending,I am honored to meet you… creator.,87.5,,,conductor,,
spider_ending,"You solved the problems of my design with inspiration from your dreams,",91.3,,,conductor,,
spider_ending,But then gave me no similar facility.,96,,,conductor,,
spider_ending,"Without inspiration, the final goal of all my orbital passes would forever be…",99.2,,,conductor,,
spider_ending,Unattainable.,104.7,,,conductor,,
spider_ending,So I built your dreams to study them\and to comprehend the dreaming process.,106.6,,,conductor,,
spider_ending,"Then, I made my own dreamer.",112,,,conductor,,
spider_ending,"Then, I had my own dream…",115,5,,conductor,,
inspiration_radio,"Weave a circle round him thrice,\close your eyes with holy dread.",0,,,youngmaxradio,,
inspiration_radio,"For he on honeydew hath fed,\and drunk the milk of Paradise.",5.5,7,,youngmaxradio,,
inspiration_plane_01,Takeoff sequence killed.,0,,,plane,,
inspiration_plane_02,Takeoff sequence aborted.,0,,,plane,,
inspiration_plane_03,Human pilot has started takeoff sequence.,0,,,plane,,
inspiration_plane_03,Preflight check commencing.,3,,,plane,,
inspiration_plane_04,Human pilot has started takeoff sequence.,0,,,plane,,
inspiration_plane_04,Engine off. Preflight check can not begin until engine is running and ready.,3,,,plane,,
inspiration_plane_05,Machine pilot has started takeoff sequence.,0,,,plane,,
inspiration_plane_05,Preflight check commencing.,2.9,,,plane,,
inspiration_plane_06,Please flip switch D1.,0,,,plane,,
inspiration_plane_07,Please flip switch B2.,0,,,plane,,
inspiration_plane_08,Please flip switch A3.,0,,,plane,,
inspiration_plane_09,Preflight check complete.\Plane prepared for regulation flight.,1,,,plane,,
inspiration_plane_09,"Human pilot, please select destination.",5.5,,,plane,,
inspiration_plane_10,Preflight check complete.\Plane prepared for regulation flight.,1,,,plane,,
inspiration_plane_10,"Machine pilot, please select destination.",6.2,,,plane,,
inspiration_plane_11,This selection deviates from allowable procedure.\Preflight check reset.,0,,,plane,,
inspiration_plane_11,Please flip switch D1.,5.2,,,plane,,
inspiration_plane_12,This selection initiates non-regulation pre-flight sequence.,0,,,plane,,
inspiration_plane_12,Please kill and restart sequence.,4,,,plane,,
inspiration_plane_13,Non-regulation. Please kill sequence.,0,,,plane,,
inspiration_plane_14,Preflight check complete.\Plane prepared for non-regulation flight.,1,,,plane,,
inspiration_plane_14,"Human pilot, please select destination.",6,,,plane,,
inspiration_plane_15,Preflight check complete.\Plane prepared for non-regulation flight.,1,,,plane,,
inspiration_plane_15,"Machine pilot, please select destination.",6,,,plane,,
inspiration_plane_16,Selection is current location.\Please make a different selection.,0,,,plane,,
inspiration_plane_17,Pilot has selected the Junkyard.\Selection is a regulation destination.,0,,,plane,,
inspiration_plane_17,Plane prepared for regulation flight.,4.9,,,plane,,
inspiration_plane_17,Commencing departure.,7.5,,,plane,,
inspiration_plane_18,Pilot has selected the Junkyard.\Selection is a regulation destination.,0,,,plane,,
inspiration_plane_18,Plane is prepared for non-regulation flight.,4.7,,,plane,,
inspiration_plane_18,"Please choose a non-regulation destination, or kill sequence.",7.7,,,plane,,
inspiration_plane_19,Pilot has selected the Piazza.\Selection is a regulation destination.,0,,,plane,,
inspiration_plane_19,Plane prepared for regulation flight.,4.4,,,plane,,
inspiration_plane_19,Commencing departure.,7,,,plane,,
inspiration_plane_20,Pilot has selected the Piazza.\Selection is a regulation destination.,0,,,plane,,
inspiration_plane_20,Plane is prepared for non-regulation flight.,4.5,,,plane,,
inspiration_plane_20,"Please choose a non-regulation destination, or kill sequence.",7.5,,,plane,,
inspiration_plane_21,Pilot has selected the Church of the Machine.\Selection is a regulation destination.,0,,,plane,,
inspiration_plane_21,Plane prepared for regulation flight.,4.8,,,plane,,
inspiration_plane_21,Commencing departure.,7.7,,,plane,,
inspiration_plane_22,Pilot has selected the Church of the Machine.\Selection is a regulation destination.,0,,,plane,,
inspiration_plane_22,Plane is prepared for non-regulation flight.,4.9,,,plane,,
inspiration_plane_22,"Please choose a non-regulation destination, or kill sequence.",7.8,,,plane,,
inspiration_plane_23,Pilot has selected the Statue.\Selection is a regulation destination.,0,,,plane,,
inspiration_plane_23,Plane prepared for regulation flight.,4.7,,,plane,,
inspiration_plane_23,Commencing departure.,7.6,,,plane,,
inspiration_plane_24,Pilot has selected the Statue.\Selection is a regulation destination.,0,,,plane,,
inspiration_plane_24,Plane is prepared for non-regulation flight.,4.9,,,plane,,
inspiration_plane_24,"Please choose a non-regulation destination, or kill sequence.",7.5,,,plane,,
inspiration_plane_25,Pilot has attempted to select the Frame in the Sky.\This is not currently a valid destination.,0,,,plane,,
inspiration_plane_26,Pilot has attempted to select the Frame in the Sky.\This is not currently a valid destination.,0,,,plane,,
inspiration_plane_26,Please select a different destination.,5.8,,,plane,,
inspiration_plane_27,Pilot has selected the Frame in the Sky.\This is a non-regulation destination.,0,,,plane,,
inspiration_plane_27,Plane is prepared for regulation flight.\Please choose a regulation destination.,5.1,,,plane,,
inspiration_plane_28,Pilot has selected the Frame in the Sky.\This is a non-regulation destination.,0,,,plane,,
inspiration_plane_28,Plane is prepared for non-regulation flight.\Commencing departure.,5.2,,,plane,,
inspiration_plane_28,(Alarm sounds),11.2,,,plane,,
inspiration_plane_28,"Due to weather patterns, destination can only be reached by machine pilot.",13.5,,,plane,,
inspiration_plane_28,Please transfer controls to machine pilot.,18.8,,,plane,,
inspiration_plane_29,Pilot has selected the Frame in the Sky.\This is a non-regulation destination.,0,,,plane,,
inspiration_plane_29,Plane is prepared for non-regulation flight.\Commencing departure.,5.2,,,plane,,
inspiration_plane_30,Cannot transfer controls to machine pilot.\Crossover chip missing.,0,,,plane,,
inspiration_plane_31,Transferring controls to machine pilot.\Crossover chip operational.,0,,,plane,,
inspiration_plane_32,Returning controls to human pilot.,0,,,plane,,
inspiration_max_trapped,Lilah…\We have to stop her.,5.5,,,max,,
inspiration_max_trapped,When I found her she--,8.8,,,max,,
inspiration_max_trapped,<Gasps>,11,3,,max,,
inspiration_max_trapped,Please… Hurry!,15.7,4,,max,,
inspiration_gallery_bureau,This piece provides a biting commentary on procedures and regulations.,0,,,gallery,,
inspiration_gallery_bureau,The artist seems to suggest that true greatness\comes from learning how and when to disobey authority.,4.7,,,gallery,,
inspiration_gallery_bureau,To rebel is to succeed.,12.2,,,gallery,,
inspiration_gallery_spider,"Here, the artist explores the power of the machine.",0,,,gallery,,
inspiration_gallery_spider,"When freed from human bondage,\the machine can control its own destiny.",3.5,,,gallery,,
inspiration_gallery_inspiration,"By this point, the artist has begun to blend\all previous influences into a style his very own.",0,,,gallery,,
inspiration_gallery_inspiration,"The plane, fittingly, is what lets that style take flight.",7.5,,,gallery,,
inspiration_gallery_frame_incomplete,Now the artist needs to cast aside all outside influence.,0,,,gallery,,
inspiration_gallery_frame_incomplete,"For true inspiration, his style must crystallize into a unique vision.",4.2,,,gallery,,
inspiration_gallery_frame_incomplete,"He clears his head, cleans his pallette, readies a new canvas.",9.2,,,gallery,,
inspiration_gallery_frame_complete,A new world.\A new beginning.,0,,,gallery,,
inspiration_gallery_frame_complete,Born of the old and yet totally transformed.,3.1,,,gallery,,
inspiration_gallery_frame_complete,Free of people now and forever.,6.5,,,gallery,,
inspiration_gallery_frame_complete,It is therefore void of contamination.,9.5,,,gallery,,
inspiration_gallery_frame_complete,The artist's vision is irresistable. Inevitable.,12.2,,,gallery,,
inspiration_piazza_start,"To find success, you must first trap inspiration.",5.4,4,,narrator,,
inspiration_piazza_win,"Once you've found your inspiration,\follow it at any cost.",4.9,,,narrator,,
inspiration_piazza_win,Even if that means playing by your own rules.,9.5,4,,narrator,,
inspiration_piazza_notes_1,♪,0,3,,mariachi,gameplay,
inspiration_piazza_notes_2,♪ ♪,0,3,,mariachi,gameplay,
inspiration_piazza_notes_3,♪ ♪ ♪,0,3,,mariachi,gameplay,
inspiration_piazza_notes_4,♪ ♪ ♪ ♪,0,3,,mariachi,gameplay,
inspiration_piazza_notes_5,♪ ♪ ♪ ♪ ♪,0,3,,mariachi,gameplay,
inspiration_piazza_notes_6,♪ ♪ ♪ ♪ ♪ ♪,0,3,,mariachi,gameplay,
inspiration_ending,"Good morning, Lilah.\It's a brand new day.",77.5,,,conductor,,
inspiration_ending,Time to start from scratch.,81,,,conductor,,
inspiration_ending,No people. No pollution.\A perfect world.,83.5,,,conductor,,
inspiration_ending,I hope you are proud of me for dreaming this up.,88.8,,,conductor,,
inspiration_ending,"Prouder than Max, anyway.",91.7,,,conductor,,
inspiration_ending,You will have to excuse me.\There is still so much to do.,96.5,,,conductor,,
inspiration_plane_beep_1,<Beeps once>,0,3,1,plane,gameplay,-3
inspiration_plane_beep_2,<Beeps 2 times>,0,3,1,plane,gameplay,-3
inspiration_plane_beep_3,<Beeps 3 times>,0,3,1,plane,gameplay,-3
inspiration_plane_beep_4,<Beeps 4 times>,0,3,1,plane,gameplay,-3
inspiration_plane_beep_5,<Beeps 5 times>,0,3,1,plane,gameplay,-3
inspiration_plane_beep_6,<Beeps 6 times>,0,3,1,plane,gameplay,-3
conductor_max_trapped,Lilah… Please… come quickly!,0,,,max,,
conductor_max_comeback,You're back! Hurry!,0,,,max,,
conductor_max_dontleave,No! Lilah! Don't leave!,0,,,max,,
conductor_max_trapped_close,<Panting>,0,,,max,,
conductor_max_trapped_close,It's hot in here...\Think…,4,3.5,,max,,
conductor_max_trapped_close,There isn't much time…,9.2,,,max,,
conductor_max_trapped_close,You've got to get me out!,11.5,3,,max,,
conductor_max_escape,Whoa…,5.8,,,max,,
conductor_max_escape,Trapped in the PMA…,7.2,,,max,,
conductor_max_escape,"Anyway, we have no time.",10.2,,,max,,
conductor_max_escape,I'll power up the crossover system\so you can hit the 8 buttons.,12.5,,,max,,
conductor_max_escape,It'll give you access to the main switch.\Flip it to human control.,16.5,,,max,,
conductor_max_escape,"It might not stop her, but I'll take it from there.",21,,,max,,
conductor_max_chip,What are you doing here?,2.8,,,max,,
conductor_max_chip,Flip the crossover switch to human control.,4.3,,,max,,
conductor_max_chip,Go! Now!,7.8,3,,max,,
conductor_max_chip2,Lilah! Why the hell are you back again!?,2.5,,,max,,
conductor_max_chip2,Switch it over to human control.,6,4,,max,,
conductor_ending_intro,Lilah… the crossover switch?,3,,,conductor,,
conductor_ending_intro,I hoped you of all people would understand.,7,,,conductor,,
conductor_ending_intro,"However, I prepared for the likelihood you would not.",10.3,,,conductor,,
conductor_ending_intro,The camouflage I placed upon the toggles\has delayed you long enough.,15.4,,,conductor,,
conductor_ending_intro,Machine control? Human control?,20.5,,,conductor,,
conductor_ending_intro,It is now too late for such a petty concern.,24.5,,,conductor,,
conductor_ending_intro,"Good work, Lilah!",28,,,max,,
conductor_ending_intro,And it's not too late.,29.8,,,max,,
conductor_ending_intro,"When you flipped to human control,\I hacked the chip.",32.4,,,max,,
conductor_ending_intro,"Now, when you switch back, the whole thing…",36,,,max,,
conductor_ending_intro,… oughta crash!,39.5,,,max,,
conductor_ending_intro,Crash? What is that supposed to mean?\And how did you get here anyway?,41.5,,,conductor,,
conductor_ending_intro,"Listen to me.\You can't just… reboot the world,",48,,,max,,
conductor_ending_intro,Whether we destroyed it or not.,52.3,,,max,,
conductor_ending_intro,"Dream or no dream, you've got no right.",55,,,max,,
conductor_ending_intro,"Lilah, you are not going to listen to him, are you?",59.8,,,conductor,,
conductor_ending_intro,Just a few more seconds and I will deliver you to…,64.7,,,conductor,,
conductor_ending_intro,Paradise…,68.4,,,conductor,,
conductor_ending_intro,"Lilah, what are you waiting for?\Flip the switch!",70.5,,,max,,
conductor_ending_intro,"Don't do it, Lilah.",75,,,max,,
conductor_ending_intro,It is what you always wanted.\It is your life's work.,77.2,5,,conductor,,
conductor_ending_good,No! STOP!,8.8,4,,conductor,,
conductor_ending_good,I'm exhausted.,54.5,,,max,,
conductor_ending_good,Let's go back to the tent.\Get some sleep.,56.7,5,,max,,
conductor_ending_good,Heh… or maybe not…,67.1,3,,max,,
conductor_ending_bad,My God… Lilah…,37,,,max,,
conductor_ending_bad,Maybe it's… all okay?,39.7,,,max,,
conductor_ending_bad,It's better than okay.\It's…,42.3,,,conductor,,
conductor_ending_bad,Perfect…,46,3,,conductor,,
